state,year,month,leavehome,dist,msk,shppng,hcut,ess_shps,zoo,demo,school,church,friends,plygrnd,daycare,trvl,gastr
Baden-Wuerttemberg,2020,3,0.0,0.0,0.0,2.0,0.0,1.0,2.0,1.0,1.0,2.0,0.0,2.0,1.0,0.0,1.0
Baden-Wuerttemberg,2020,4,0.0,1.0,0.0,2.0,2.0,1.0,2.0,1.0,1.0,2.0,1.0,2.0,1.0,1.0,1.0
Baden-Wuerttemberg,2020,5,0.0,1.0,1.0,0.0,0.0,0.0,1.0,1.0,1.0,1.0,1.0,1.0,1.0,1.0,1.0
Baden-Wuerttemberg,2020,6,0.0,1.0,1.0,0.0,0.0,0.0,1.0,1.0,1.0,1.0,1.0,1.0,0.0,1.0,0.0
Baden-Wuerttemberg,2020,7,0.0,1.0,1.0,0.0,0.0,0.0,1.0,1.0,1.0,1.0,1.0,1.0,0.0,1.0,0.0
Baden-Wuerttemberg,2020,8,0.0,1.0,2.0,0.0,0.0,0.0,1.0,1.0,1.0,1.0,1.0,1.0,0.0,1.0,0.0
Baden-Wuerttemberg,2020,9,0.0,1.0,2.0,0.0,0.0,0.0,1.0,1.0,0.0,1.0,1.0,1.0,0.0,1.0,0.0
Baden-Wuerttemberg,2020,10,0.0,1.0,2.0,0.0,0.0,0.0,1.0,1.0,0.0,1.0,1.0,1.0,0.0,1.0,0.0
Baden-Wuerttemberg,2020,11,0.0,1.0,2.0,0.0,1.0,0.0,2.0,1.0,0.0,1.0,1.0,1.0,0.0,1.0,1.0
Baden-Wuerttemberg,2020,12,2.0,1.0,2.0,2.0,2.0,1.0,2.0,1.0,1.0,1.0,1.0,1.0,1.0,1.0,1.0
Baden-Wuerttemberg,2021,1,2.0,1.0,2.0,2.0,2.0,1.0,2.0,1.0,1.0,1.0,1.0,1.0,1.0,1.0,1.0
Baden-Wuerttemberg,2021,2,1.0,1.0,2.0,2.0,2.0,1.0,2.0,1.0,1.0,1.0,1.0,1.0,1.0,1.0,1.0
Baden-Wuerttemberg,2021,3,1.0,1.0,2.0,1.0,1.0,0.0,1.0,1.0,1.0,1.0,1.0,1.0,0.0,1.0,1.0
Baden-Wuerttemberg,2021,4,1.0,1.0,2.0,1.0,1.0,0.0,1.0,1.0,1.0,1.0,1.0,1.0,0.0,1.0,1.0
Baden-Wuerttemberg,2021,5,1.0,1.0,2.0,2.0,1.0,1.0,1.0,1.0,1.0,1.0,2.0,1.0,0.0,1.0,1.0
Baden-Wuerttemberg,2021,6,0.0,1.0,2.0,0.0,1.0,0.0,0.0,1.0,0.0,1.0,1.0,1.0,0.0,1.0,1.0
Baden-Wuerttemberg,2021,7,0.0,1.0,1.0,0.0,1.0,0.0,0.0,1.0,0.0,1.0,1.0,1.0,0.0,0.0,0.0
Baden-Wuerttemberg,2021,8,0.0,0.0,1.0,0.0,1.0,0.0,1.0,1.0,0.0,1.0,0.0,0.0,0.0,1.0,1.0
Baden-Wuerttemberg,2021,9,0.0,0.0,1.0,0.0,1.0,0.0,1.0,1.0,0.0,1.0,0.0,0.0,0.0,1.0,1.0
Baden-Wuerttemberg,2021,10,0.0,0.0,1.0,0.0,1.0,0.0,1.0,1.0,0.0,1.0,0.0,0.0,0.0,1.0,1.0
Bayern,2020,3,0.0,0.0,0.0,2.0,0.0,1.0,2.0,2.0,1.0,2.0,0.0,2.0,1.0,1.0,1.0
Bayern,2020,4,2.0,1.0,0.0,2.0,2.0,1.0,2.0,2.0,1.0,2.0,3.0,2.0,1.0,1.0,1.0
Bayern,2020,5,0.0,1.0,1.0,0.0,0.0,0.0,1.0,1.0,1.0,1.0,2.0,1.0,1.0,1.0,1.0
Bayern,2020,6,0.0,1.0,1.0,0.0,0.0,0.0,1.0,1.0,1.0,1.0,2.0,1.0,1.0,1.0,1.0
Bayern,2020,7,0.0,1.0,1.0,0.0,0.0,0.0,0.0,1.0,1.0,1.0,1.0,1.0,1.0,1.0,1.0
Bayern,2020,8,0.0,1.0,2.0,0.0,0.0,0.0,0.0,1.0,1.0,1.0,1.0,1.0,1.0,1.0,1.0
Bayern,2020,9,0.0,1.0,2.0,0.0,0.0,0.0,0.0,1.0,0.0,1.0,1.0,1.0,0.0,1.0,1.0
Bayern,2020,10,0.0,1.0,2.0,0.0,0.0,0.0,0.0,1.0,0.0,1.0,1.0,1.0,0.0,1.0,0.0
Bayern,2020,11,0.0,1.0,2.0,0.0,1.0,0.0,2.0,1.0,0.0,1.0,1.0,1.0,0.0,1.0,1.0
Bayern,2020,12,2.0,1.0,2.0,2.0,2.0,1.0,2.0,1.0,1.0,1.0,1.0,1.0,1.0,1.0,1.0
Bayern,2021,1,2.0,1.0,2.0,2.0,2.0,1.0,2.0,1.0,1.0,1.0,1.0,1.0,1.0,1.0,1.0
Bayern,2021,2,2.0,1.0,2.0,2.0,2.0,1.0,2.0,1.0,1.0,1.0,1.0,1.0,1.0,1.0,1.0
Bayern,2021,3,1.0,1.0,2.0,2.0,1.0,0.0,2.0,1.0,1.0,1.0,1.0,1.0,1.0,1.0,1.0
Bayern,2021,4,1.0,1.0,2.0,2.0,1.0,1.0,2.0,1.0,1.0,1.0,2.0,1.0,1.0,1.0,1.0
Bayern,2021,5,1.0,1.0,2.0,1.0,1.0,1.0,1.0,1.0,1.0,1.0,2.0,1.0,1.0,1.0,1.0
Bayern,2021,6,0.0,0.0,2.0,0.0,0.0,0.0,0.0,1.0,0.0,1.0,1.0,1.0,0.0,1.0,1.0
Bayern,2021,7,0.0,0.0,2.0,0.0,0.0,0.0,0.0,1.0,0.0,1.0,1.0,1.0,0.0,1.0,1.0
Bayern,2021,8,0.0,0.0,2.0,0.0,0.0,0.0,0.0,1.0,0.0,1.0,1.0,1.0,0.0,1.0,1.0
Bayern,2021,9,0.0,0.0,1.0,0.0,1.0,0.0,1.0,1.0,0.0,1.0,0.0,0.0,0.0,1.0,1.0
Bayern,2021,10,0.0,0.0,1.0,0.0,1.0,0.0,1.0,1.0,0.0,1.0,0.0,0.0,0.0,1.0,1.0
Berlin,2020,3,0.0,0.0,0.0,2.0,0.0,0.0,2.0,1.0,1.0,2.0,0.0,1.5,1.0,1.0,1.0
Berlin,2020,4,2.0,1.0,0.0,2.0,2.0,0.0,2.0,1.0,1.0,2.0,2.0,2.0,1.0,1.0,1.0
Berlin,2020,5,0.0,1.0,1.0,0.0,0.0,0.0,1.0,1.0,1.0,1.0,1.0,1.0,1.0,1.0,1.0
Berlin,2020,6,0.0,1.0,1.0,0.0,0.0,0.0,1.0,0.0,1.0,1.0,1.0,1.0,1.0,1.0,0.0
Berlin,2020,7,0.0,1.0,1.0,0.0,0.0,0.0,0.0,0.0,1.0,1.0,1.0,1.0,0.0,1.0,0.0
Berlin,2020,8,0.0,1.0,1.0,0.0,0.0,0.0,0.0,0.0,0.0,1.0,1.0,1.0,0.0,1.0,0.0
Berlin,2020,9,0.0,1.0,2.0,0.0,0.0,0.0,0.0,1.0,0.0,1.0,1.0,1.0,0.0,1.0,0.0
Berlin,2020,10,0.0,1.0,2.0,0.0,0.0,0.0,0.0,1.0,0.0,1.0,1.0,1.0,0.0,1.0,0.0
Berlin,2020,11,0.0,1.0,2.0,0.0,1.0,0.0,1.0,1.0,0.0,1.0,1.0,1.0,0.0,1.0,1.0
Berlin,2020,12,2.0,1.0,2.0,2.0,2.0,1.0,2.0,1.0,1.0,1.0,1.0,1.0,1.0,1.0,1.0
Berlin,2021,1,2.0,1.0,2.0,2.0,2.0,1.0,2.0,1.0,1.0,1.0,1.0,1.0,1.0,1.0,1.0
Berlin,2021,2,0.0,1.0,2.0,2.0,2.0,1.0,2.0,1.0,1.0,1.0,1.0,1.0,1.0,1.0,1.0
Berlin,2021,3,0.0,1.0,2.0,1.0,1.0,1.0,0.0,1.0,1.0,1.0,1.0,1.0,0.0,1.0,1.0
Berlin,2021,4,0.0,1.0,2.0,1.0,1.0,1.0,0.0,1.0,1.0,1.0,1.0,1.0,1.0,1.0,1.0
Berlin,2021,5,1.0,1.0,2.0,1.0,1.0,1.0,1.0,1.0,1.0,1.0,2.0,1.0,0.0,1.0,1.0
Berlin,2021,6,0.0,1.0,2.0,0.0,1.0,0.0,1.0,1.0,0.0,1.0,1.0,1.0,0.0,0.0,1.0
Berlin,2021,7,0.0,1.0,1.0,0.0,1.0,0.0,0.0,1.0,0.0,1.0,1.0,1.0,0.0,0.0,1.0
Berlin,2021,8,0.0,1.0,1.0,0.0,1.0,0.0,0.0,1.0,0.0,1.0,1.0,1.0,0.0,0.0,1.0
Berlin,2021,9,0.0,1.0,1.0,0.0,1.0,0.0,0.0,1.0,0.0,1.0,1.0,1.0,0.0,1.0,1.0
Berlin,2021,10,0.0,1.0,1.0,0.0,1.0,0.0,0.0,1.0,0.0,1.0,1.0,1.0,0.0,1.0,1.0
Brandenburg,2020,3,0.0,1.0,0.0,2.0,0.0,0.0,2.0,1.0,1.0,1.0,0.0,2.0,1.0,1.0,1.0
Brandenburg,2020,4,2.0,1.0,0.0,2.0,2.0,0.0,2.0,2.0,1.0,2.0,2.0,2.0,1.0,1.0,1.0
Brandenburg,2020,5,0.0,1.0,1.0,0.0,0.0,0.0,1.0,1.0,1.0,1.0,1.0,1.0,1.0,1.0,1.0
Brandenburg,2020,6,0.0,1.0,1.0,0.0,0.0,0.0,1.0,0.0,1.0,1.0,1.0,1.0,0.0,1.0,0.0
Brandenburg,2020,7,0.0,1.0,1.0,0.0,0.0,0.0,1.0,0.0,1.0,1.0,1.0,1.0,0.0,1.0,0.0
Brandenburg,2020,8,0.0,1.0,2.0,0.0,0.0,0.0,1.0,0.0,0.0,1.0,1.0,1.0,0.0,1.0,0.0
Brandenburg,2020,9,0.0,1.0,2.0,0.0,0.0,0.0,1.0,0.0,0.0,1.0,1.0,1.0,0.0,1.0,0.0
Brandenburg,2020,10,0.0,1.0,2.0,0.0,0.0,0.0,1.0,0.0,0.0,1.0,1.0,1.0,0.0,1.0,0.0
Brandenburg,2020,11,0.0,1.0,2.0,0.0,1.0,0.0,2.0,1.0,0.0,1.0,1.0,1.0,0.0,1.0,1.0
Brandenburg,2020,12,2.0,1.0,2.0,2.0,2.0,1.0,2.0,1.0,0.0,1.0,1.0,1.0,0.0,1.0,1.0
Brandenburg,2021,1,2.0,1.0,2.0,2.0,2.0,1.0,2.0,1.0,1.0,1.0,2.0,1.0,1.0,1.0,1.0
Brandenburg,2021,2,2.0,1.0,2.0,2.0,2.0,1.0,2.0,1.0,1.0,1.0,2.0,1.0,1.0,1.0,1.0
Brandenburg,2021,3,0.0,1.0,2.0,1.0,1.0,0.0,1.0,1.0,1.0,1.0,1.0,1.0,1.0,1.0,1.0
Brandenburg,2021,4,1.0,1.0,2.0,1.0,1.0,0.0,1.0,1.0,1.0,1.0,1.0,1.0,1.0,1.0,1.0
Brandenburg,2021,5,0.0,1.0,2.0,1.0,1.0,1.0,1.0,1.0,1.0,1.0,1.0,1.0,1.0,1.0,1.0
Brandenburg,2021,6,0.0,1.0,1.5,0.0,0.5,0.0,0.5,1.0,0.0,1.0,0.5,0.0,0.0,0.5,0.5
Brandenburg,2021,7,0.0,1.0,1.0,0.0,0.0,0.0,0.0,1.0,0.0,1.0,0.0,0.0,0.0,0.0,0.0
Brandenburg,2021,8,0.0,1.0,1.0,0.0,0.0,0.0,0.0,1.0,0.0,1.0,0.0,0.0,0.0,0.0,0.0
Brandenburg,2021,9,0.0,0.0,1.0,0.0,1.0,0.0,0.0,1.0,0.0,1.0,0.0,0.0,0.0,1.0,1.0
Brandenburg,2021,10,0.0,0.0,1.0,0.0,1.0,0.0,0.0,1.0,0.0,1.0,0.0,0.0,0.0,1.0,1.0
Bremen,2020,3,0.0,0.0,0.0,2.0,0.0,0.0,2.0,1.0,1.0,0.0,0.0,2.0,1.0,1.0,1.0
Bremen,2020,4,0.0,1.0,0.0,2.0,2.0,0.0,2.0,1.0,1.0,2.0,2.0,2.0,1.0,1.0,1.0
Bremen,2020,5,0.0,1.0,1.0,0.0,0.0,0.0,1.0,1.0,1.0,1.0,1.0,1.0,1.0,1.0,1.0
Bremen,2020,6,0.0,1.0,1.0,0.0,0.0,0.0,1.0,1.0,1.0,1.0,1.0,1.0,0.0,1.0,0.0
Bremen,2020,7,0.0,1.0,1.0,0.0,0.0,0.0,1.0,1.0,1.0,1.0,1.0,1.0,0.0,1.0,0.0
Bremen,2020,8,0.0,1.0,1.0,0.0,0.0,0.0,1.0,1.0,0.0,1.0,1.0,1.0,0.0,1.0,0.0
Bremen,2020,9,0.0,1.0,2.0,0.0,0.0,0.0,1.0,1.0,0.0,1.0,1.0,1.0,0.0,1.0,0.0
Bremen,2020,10,0.0,1.0,2.0,0.0,0.0,0.0,1.0,1.0,0.0,1.0,1.0,1.0,0.0,1.0,0.0
Bremen,2020,11,0.0,1.0,2.0,0.0,1.0,0.0,2.0,1.0,0.0,1.0,1.0,1.0,0.0,1.0,1.0
Bremen,2020,12,0.0,1.0,2.0,2.0,2.0,1.0,2.0,1.0,0.0,1.0,1.0,1.0,0.0,1.0,1.0
Bremen,2021,1,0.0,1.0,2.0,2.0,2.0,1.0,2.0,1.0,0.0,1.0,2.0,1.0,0.0,1.0,1.0
Bremen,2021,2,0.0,1.0,2.0,2.0,2.0,1.0,2.0,1.0,1.0,1.0,2.0,1.0,0.0,1.0,1.0
Bremen,2021,3,0.0,1.0,2.0,2.0,0.0,1.0,2.0,1.0,1.0,1.0,2.0,1.0,0.0,1.0,1.0
Bremen,2021,4,0.0,1.0,2.0,2.0,1.0,1.0,2.0,1.0,1.0,1.0,2.0,1.0,0.0,1.0,1.0
Bremen,2021,5,0.0,1.0,2.0,1.0,1.0,1.0,1.0,1.0,1.0,1.0,1.0,1.0,0.0,1.0,1.0
Bremen,2021,6,0.0,1.0,2.0,0.0,0.0,0.0,0.0,1.0,0.0,1.0,1.0,1.0,0.0,1.0,1.0
Bremen,2021,7,0.0,1.0,1.0,0.0,0.0,0.0,0.0,1.0,0.0,1.0,1.0,1.0,0.0,0.0,0.0
Bremen,2021,8,0.0,1.0,1.0,0.0,0.0,0.0,0.0,1.0,0.0,1.0,1.0,1.0,0.0,0.0,0.0
Bremen,2021,9,0.0,1.0,1.0,0.0,1.0,0.0,0.0,1.0,0.0,1.0,1.0,1.0,0.0,1.0,1.0
Bremen,2021,10,0.0,0.0,1.0,0.0,1.0,0.0,0.0,1.0,0.0,1.0,1.0,1.0,0.0,1.0,1.0
Hamburg,2020,3,0.0,1.0,0.0,2.0,0.0,0.0,2.0,1.0,1.0,2.0,0.0,2.0,1.0,1.0,0.5
Hamburg,2020,4,0.0,1.0,0.0,2.0,2.0,0.0,2.0,1.0,1.0,2.0,2.0,2.0,1.0,1.0,1.0
Hamburg,2020,5,0.0,1.0,1.0,0.0,0.0,0.0,1.0,1.0,1.0,1.0,1.0,1.0,1.0,1.0,1.0
Hamburg,2020,6,0.0,1.0,1.0,0.0,0.0,0.0,1.0,1.0,1.0,1.0,1.0,1.0,1.0,1.0,0.0
Hamburg,2020,7,0.0,1.0,1.0,0.0,0.0,0.0,1.0,1.0,1.0,1.0,1.0,1.0,0.0,1.0,0.0
Hamburg,2020,8,0.0,1.0,1.0,0.0,0.0,0.0,1.0,1.0,0.0,1.0,1.0,1.0,0.0,1.0,0.0
Hamburg,2020,9,0.0,1.0,2.0,0.0,0.0,0.0,1.0,1.0,0.0,1.0,1.0,1.0,0.0,1.0,0.0
Hamburg,2020,10,0.0,1.0,2.0,0.0,0.0,0.0,1.0,1.0,0.0,1.0,1.0,1.0,0.0,1.0,0.0
Hamburg,2020,11,0.0,1.0,2.0,0.0,1.0,0.0,2.0,1.0,0.0,1.0,1.0,1.0,0.0,1.0,1.0
Hamburg,2020,12,0.0,1.0,2.0,2.0,2.0,1.0,2.0,1.0,0.0,1.0,1.0,1.0,0.0,1.0,1.0
Hamburg,2021,1,0.0,1.0,2.0,2.0,2.0,1.0,2.0,1.0,0.0,1.0,1.0,1.0,0.0,1.0,1.0
Hamburg,2021,2,0.0,1.0,2.0,2.0,2.0,1.0,2.0,1.0,1.0,1.0,2.0,1.0,1.0,1.0,1.0
Hamburg,2021,3,0.0,1.0,2.0,2.0,1.0,1.0,2.0,1.0,1.0,1.0,2.0,1.0,0.0,1.0,1.0
Hamburg,2021,4,1.0,1.0,2.0,2.0,1.0,1.0,2.0,1.0,1.0,1.0,2.0,1.0,1.0,1.0,1.0
Hamburg,2021,5,0.0,1.0,2.0,2.0,1.0,1.0,1.0,1.0,1.0,1.0,2.0,1.0,1.0,1.0,1.0
Hamburg,2021,6,0.0,1.0,2.0,0.0,1.0,0.0,1.0,1.0,0.0,1.0,1.0,1.0,0.0,1.0,1.0
Hamburg,2021,7,0.0,1.0,1.0,0.0,1.0,0.0,1.0,1.0,0.0,1.0,1.0,1.0,0.0,1.0,1.0
Hamburg,2021,8,0.0,1.0,1.0,0.0,1.0,0.0,1.0,1.0,0.0,1.0,1.0,1.0,0.0,1.0,1.0
Hamburg,2021,9,0.0,1.0,1.0,0.0,1.0,0.0,1.0,1.0,0.0,1.0,1.0,1.0,0.0,1.0,1.0
Hamburg,2021,10,0.0,1.0,1.0,0.0,1.0,0.0,1.0,1.0,0.0,1.0,1.0,1.0,0.0,1.0,1.0
Hessen,2020,3,0.0,1.0,0.0,2.0,0.0,0.0,2.0,1.0,1.0,2.0,0.0,2.0,1.0,1.0,0.0
Hessen,2020,4,0.0,1.0,0.0,2.0,2.0,0.0,2.0,1.0,1.0,2.0,1.0,2.0,1.0,1.0,1.0
Hessen,2020,5,0.0,1.0,1.0,0.0,0.0,0.0,1.0,1.0,1.0,1.0,1.0,1.0,1.0,1.0,0.0
Hessen,2020,6,0.0,1.0,1.0,0.0,0.0,0.0,1.0,1.0,1.0,1.0,1.0,1.0,1.0,1.0,0.0
Hessen,2020,7,0.0,1.0,1.0,0.0,0.0,0.0,1.0,1.0,1.0,1.0,1.0,1.0,0.0,1.0,0.0
Hessen,2020,8,0.0,1.0,1.0,0.0,0.0,0.0,1.0,1.0,1.0,1.0,1.0,1.0,0.0,1.0,0.0
Hessen,2020,9,0.0,1.0,1.0,0.0,0.0,0.0,1.0,1.0,0.0,1.0,1.0,1.0,0.0,1.0,0.0
Hessen,2020,10,0.0,1.0,1.0,0.0,0.0,0.0,1.0,1.0,0.0,1.0,1.0,1.0,0.0,1.0,0.0
Hessen,2020,11,0.0,1.0,2.0,0.0,1.0,0.0,2.0,1.0,0.0,1.0,1.0,1.0,0.0,1.0,1.0
Hessen,2020,12,0.0,1.0,2.0,2.0,2.0,1.0,2.0,1.0,0.0,1.0,1.0,1.0,0.0,1.0,1.0
Hessen,2021,1,0.0,1.0,2.0,2.0,2.0,1.0,2.0,1.0,1.0,1.0,2.0,1.0,0.0,1.0,1.0
Hessen,2021,2,0.0,1.0,2.0,2.0,2.0,1.0,2.0,1.0,1.0,1.0,2.0,1.0,0.0,1.0,1.0
Hessen,2021,3,0.0,1.0,2.0,1.0,1.0,0.0,1.0,1.0,1.0,1.0,1.0,1.0,0.0,1.0,1.0
Hessen,2021,4,0.0,1.0,2.0,2.0,1.0,0.0,1.0,1.0,1.0,1.0,1.0,1.0,0.0,1.0,1.0
Hessen,2021,5,1.0,1.0,2.0,1.0,1.0,1.0,1.0,1.0,1.0,1.0,2.0,1.0,0.0,1.0,1.0
Hessen,2021,6,0.0,1.0,2.0,1.0,1.0,0.0,1.0,1.0,0.0,1.0,1.0,1.0,0.0,1.0,1.0
Hessen,2021,7,0.0,1.0,1.0,0.0,0.0,0.0,0.0,1.0,0.0,1.0,0.0,0.0,0.0,1.0,1.0
Hessen,2021,8,0.0,1.0,1.0,0.0,0.0,0.0,0.0,1.0,0.0,1.0,0.0,0.0,0.0,1.0,0.0
Hessen,2021,9,0.0,1.0,1.0,0.0,1.0,0.0,1.0,1.0,0.0,1.0,0.0,0.0,0.0,1.0,1.0
Hessen,2021,10,0.0,1.0,1.0,0.0,1.0,0.0,1.0,1.0,0.0,1.0,0.0,0.0,0.0,1.0,1.0
Mecklenburg-Vorpommern,2020,3,0.0,1.0,0.0,2.0,0.0,1.0,2.0,1.0,1.0,2.0,0.0,2.0,1.0,1.0,1.0
Mecklenburg-Vorpommern,2020,4,0.0,1.0,0.0,2.0,2.0,1.0,2.0,1.0,1.0,2.0,2.0,2.0,1.0,2.0,1.0
Mecklenburg-Vorpommern,2020,5,0.0,1.0,1.0,0.0,0.0,0.0,1.0,1.0,1.0,1.0,2.0,1.0,1.0,1.0,1.0
Mecklenburg-Vorpommern,2020,6,0.0,1.0,1.0,0.0,0.0,0.0,0.0,1.0,1.0,1.0,1.0,1.0,1.0,1.0,0.0
Mecklenburg-Vorpommern,2020,7,0.0,1.0,1.0,0.0,0.0,0.0,0.0,1.0,1.0,1.0,1.0,1.0,1.0,1.0,0.0
Mecklenburg-Vorpommern,2020,8,0.0,1.0,2.0,0.0,0.0,0.0,0.0,1.0,0.0,1.0,1.0,1.0,0.0,1.0,0.0
Mecklenburg-Vorpommern,2020,9,0.0,1.0,2.0,0.0,0.0,0.0,0.0,1.0,0.0,1.0,1.0,1.0,0.0,1.0,0.0
Mecklenburg-Vorpommern,2020,10,0.0,1.0,2.0,0.0,0.0,0.0,0.0,1.0,0.0,1.0,1.0,1.0,0.0,1.0,0.0
Mecklenburg-Vorpommern,2020,11,0.0,1.0,2.0,0.0,1.0,0.0,1.0,1.0,0.0,1.0,1.0,1.0,0.0,1.0,1.0
Mecklenburg-Vorpommern,2020,12,0.0,1.0,2.0,2.0,2.0,1.0,2.0,1.0,1.0,1.0,1.0,1.0,0.0,1.0,1.0
Mecklenburg-Vorpommern,2021,1,0.0,1.0,2.0,2.0,2.0,1.0,2.0,1.0,1.0,1.0,2.0,1.0,0.0,1.0,1.0
Mecklenburg-Vorpommern,2021,2,0.0,1.0,2.0,2.0,2.0,1.0,2.0,1.0,1.0,1.0,2.0,1.0,0.0,1.0,1.0
Mecklenburg-Vorpommern,2021,3,0.0,1.0,2.0,1.0,1.0,1.0,1.0,1.0,1.0,1.0,1.0,1.0,0.0,1.0,1.0
Mecklenburg-Vorpommern,2021,4,1.0,1.0,2.0,1.0,1.0,0.0,1.0,1.0,1.0,1.0,1.0,1.0,0.0,1.0,1.0
Mecklenburg-Vorpommern,2021,5,0.0,1.0,2.0,1.0,1.0,0.0,1.0,1.0,1.0,1.0,2.0,1.0,1.0,2.0,1.0
Mecklenburg-Vorpommern,2021,6,0.0,1.0,2.0,0.0,1.0,0.0,1.0,1.0,0.0,1.0,0.0,1.0,0.0,1.0,1.0
Mecklenburg-Vorpommern,2021,7,0.0,1.0,1.0,0.0,0.0,0.0,0.0,1.0,0.0,1.0,0.0,1.0,0.0,1.0,0.0
Mecklenburg-Vorpommern,2021,8,0.0,1.0,1.0,0.0,0.0,0.0,0.0,1.0,0.0,1.0,0.0,1.0,0.0,1.0,1.0
Mecklenburg-Vorpommern,2021,9,0.0,1.0,1.0,0.0,0.0,0.0,0.0,1.0,0.0,1.0,0.0,1.0,0.0,1.0,1.0
Mecklenburg-Vorpommern,2021,10,0.0,1.0,1.0,0.0,1.0,0.0,1.0,1.0,0.0,1.0,0.0,1.0,0.0,1.0,1.0
Niedersachsen,2020,3,0.0,0.0,0.0,2.0,0.0,1.0,2.0,1.0,1.0,2.0,0.0,2.0,1.0,1.0,0.0
Niedersachsen,2020,4,0.0,1.0,0.0,2.0,2.0,1.0,2.0,1.0,1.0,2.0,2.0,2.0,1.0,1.0,1.0
Niedersachsen,2020,5,0.0,1.0,1.0,0.0,0.0,0.0,1.0,1.0,1.0,1.0,1.0,1.0,1.0,1.0,1.0
Niedersachsen,2020,6,0.0,1.0,1.0,0.0,0.0,0.0,1.0,1.0,1.0,1.0,1.0,1.0,1.0,1.0,0.0
Niedersachsen,2020,7,0.0,1.0,1.0,0.0,0.0,0.0,1.0,1.0,1.0,1.0,1.0,1.0,0.0,1.0,0.0
Niedersachsen,2020,8,0.0,1.0,1.0,0.0,0.0,0.0,1.0,1.0,1.0,1.0,1.0,1.0,0.0,1.0,0.0
Niedersachsen,2020,9,0.0,1.0,1.0,0.0,0.0,0.0,1.0,1.0,0.0,1.0,1.0,1.0,0.0,1.0,0.0
Niedersachsen,2020,10,0.0,1.0,1.0,0.0,0.0,0.0,1.0,1.0,0.0,1.0,1.0,1.0,0.0,1.0,0.0
Niedersachsen,2020,11,0.0,1.0,2.0,0.0,1.0,0.0,2.0,1.0,0.0,1.0,1.0,1.0,0.0,1.0,1.0
Niedersachsen,2020,12,0.0,1.0,2.0,2.0,2.0,1.0,2.0,1.0,0.0,1.0,1.0,1.0,0.0,1.0,1.0
Niedersachsen,2021,1,0.0,1.0,2.0,2.0,2.0,1.0,2.0,1.0,1.0,1.0,2.0,1.0,1.0,1.0,1.0
Niedersachsen,2021,2,0.0,1.0,2.0,2.0,2.0,1.0,2.0,1.0,1.0,1.0,2.0,1.0,1.0,1.0,1.0
Niedersachsen,2021,3,0.0,1.0,2.0,1.0,1.0,1.0,1.0,1.0,1.0,1.0,1.0,1.0,0.0,1.0,1.0
Niedersachsen,2021,4,1.0,1.0,2.0,2.0,1.0,1.0,1.0,1.0,1.0,1.0,2.0,1.0,1.0,1.0,1.0
Niedersachsen,2021,5,0.0,1.0,2.0,1.0,1.0,1.0,1.0,1.0,1.0,1.0,1.0,1.0,0.0,1.0,1.0
Niedersachsen,2021,6,0.0,1.0,2.0,0.0,0.0,0.0,0.0,1.0,0.0,1.0,1.0,1.0,0.0,1.0,0.0
Niedersachsen,2021,7,0.0,1.0,2.0,0.0,0.0,0.0,0.0,1.0,0.0,1.0,1.0,1.0,0.0,1.0,0.0
Niedersachsen,2021,8,0.0,1.0,2.0,0.0,0.0,0.0,0.0,1.0,0.0,1.0,1.0,1.0,0.0,1.0,0.0
Niedersachsen,2021,9,0.0,1.0,1.0,0.0,1.0,0.0,1.0,1.0,0.0,1.0,0.0,0.0,0.0,1.0,1.0
Niedersachsen,2021,10,0.0,1.0,1.0,0.0,0.0,0.0,0.0,1.0,0.0,1.0,0.0,0.0,0.0,1.0,0.0
Nordrhein-Westfalen,2020,3,0.0,1.0,0.0,2.0,0.0,0.0,2.0,2.0,1.0,2.0,0.0,2.0,1.0,0.0,1.0
Nordrhein-Westfalen,2020,4,0.0,1.0,0.0,2.0,2.0,0.0,2.0,2.0,1.0,2.0,2.0,2.0,1.0,1.0,1.0
Nordrhein-Westfalen,2020,5,0.0,1.0,1.0,0.0,1.0,0.0,1.0,1.0,1.0,1.0,1.0,1.0,1.0,1.0,1.0
Nordrhein-Westfalen,2020,6,0.0,1.0,1.0,0.0,0.0,0.0,1.0,1.0,1.0,1.0,1.0,1.0,0.0,1.0,0.0
Nordrhein-Westfalen,2020,7,0.0,1.0,2.0,0.0,0.0,0.0,1.0,1.0,1.0,1.0,1.0,1.0,0.0,1.0,0.0
Nordrhein-Westfalen,2020,8,0.0,1.0,2.0,0.0,0.0,0.0,1.0,1.0,0.0,1.0,1.0,1.0,0.0,1.0,0.0
Nordrhein-Westfalen,2020,9,0.0,1.0,2.0,0.0,0.0,0.0,1.0,1.0,0.0,1.0,1.0,1.0,0.0,1.0,0.0
Nordrhein-Westfalen,2020,10,0.0,1.0,2.0,0.0,0.0,0.0,1.0,1.0,0.0,1.0,1.0,1.0,0.0,1.0,0.0
Nordrhein-Westfalen,2020,11,0.0,1.0,2.0,0.0,1.0,0.0,2.0,1.0,0.0,1.0,1.0,1.0,0.0,1.0,1.0
Nordrhein-Westfalen,2020,12,0.0,1.0,2.0,2.0,2.0,1.0,2.0,1.0,1.0,1.0,1.0,1.0,0.0,1.0,1.0
Nordrhein-Westfalen,2021,1,0.0,1.0,2.0,2.0,2.0,1.0,2.0,1.0,1.0,1.0,2.0,1.0,0.0,1.0,1.0
Nordrhein-Westfalen,2021,2,0.0,1.0,2.0,2.0,2.0,1.0,2.0,1.0,1.0,1.0,2.0,1.0,0.0,1.0,1.0
Nordrhein-Westfalen,2021,3,0.0,1.0,2.0,1.0,1.0,1.0,1.0,1.0,1.0,1.0,1.0,1.0,0.0,1.0,1.0
Nordrhein-Westfalen,2021,4,0.0,1.0,2.0,2.0,1.0,1.0,1.0,1.0,1.0,1.0,2.0,1.0,0.0,1.0,1.0
Nordrhein-Westfalen,2021,5,1.0,1.0,2.0,1.0,1.0,1.0,1.0,1.0,1.0,1.0,2.0,1.0,0.0,1.0,1.0
Nordrhein-Westfalen,2021,6,0.0,1.0,2.0,0.0,1.0,0.0,1.0,1.0,0.0,1.0,1.0,1.0,0.0,1.0,0.0
Nordrhein-Westfalen,2021,7,0.0,0.0,1.0,0.0,0.0,0.0,0.0,1.0,0.0,1.0,0.0,0.0,0.0,1.0,0.0
Nordrhein-Westfalen,2021,8,0.0,1.0,1.0,0.0,1.0,0.0,0.0,1.0,0.0,1.0,1.0,1.0,0.0,1.0,1.0
Nordrhein-Westfalen,2021,9,0.0,0.0,1.0,0.0,1.0,0.0,0.0,1.0,0.0,1.0,0.0,0.0,0.0,1.0,1.0
Nordrhein-Westfalen,2021,10,0.0,0.0,1.0,0.0,1.0,0.0,0.0,1.0,0.0,1.0,0.0,0.0,0.0,1.0,1.0
Rheinland-Pfalz,2020,3,0.0,0.0,0.0,2.0,0.0,0.0,2.0,1.0,1.0,2.0,0.5,2.0,1.0,0.5,0.5
Rheinland-Pfalz,2020,4,0.0,1.0,0.0,2.0,2.0,1.0,2.0,1.0,1.0,2.0,2.0,2.0,1.0,1.0,1.0
Rheinland-Pfalz,2020,5,0.0,1.0,1.0,0.0,0.0,0.0,1.0,1.0,1.0,1.0,1.0,1.0,1.0,1.0,0.0
Rheinland-Pfalz,2020,6,0.0,1.0,1.0,0.0,0.0,0.0,0.0,1.0,1.0,1.0,1.0,1.0,0.0,1.0,0.0
Rheinland-Pfalz,2020,7,0.0,1.0,1.0,0.0,0.0,0.0,0.0,1.0,1.0,1.0,1.0,1.0,0.0,1.0,0.0
Rheinland-Pfalz,2020,8,0.0,1.0,1.0,0.0,0.0,0.0,0.0,1.0,1.0,1.0,1.0,1.0,0.0,1.0,0.0
Rheinland-Pfalz,2020,9,0.0,1.0,2.0,0.0,0.0,0.0,0.0,1.0,0.0,1.0,1.0,1.0,0.0,1.0,0.0
Rheinland-Pfalz,2020,10,0.0,1.0,2.0,0.0,0.0,0.0,0.0,1.0,0.0,1.0,1.0,1.0,0.0,1.0,0.0
Rheinland-Pfalz,2020,11,0.0,1.0,2.0,0.0,1.0,0.0,2.0,1.0,0.0,1.0,1.0,1.0,0.0,1.0,1.0
Rheinland-Pfalz,2020,12,0.0,1.0,2.0,2.0,2.0,1.0,2.0,1.0,0.0,1.0,1.0,1.0,0.0,1.0,1.0
Rheinland-Pfalz,2021,1,0.0,1.0,2.0,2.0,2.0,1.0,2.0,1.0,1.0,1.0,2.0,1.0,0.0,1.0,1.0
Rheinland-Pfalz,2021,2,0.0,1.0,2.0,2.0,2.0,1.0,2.0,1.0,1.0,1.0,2.0,1.0,0.0,1.0,1.0
Rheinland-Pfalz,2021,3,0.0,1.0,2.0,1.0,1.0,1.0,1.0,1.0,1.0,1.0,1.0,1.0,0.0,1.0,1.0
Rheinland-Pfalz,2021,4,1.0,1.0,2.0,1.0,1.0,1.0,1.0,1.0,1.0,1.0,2.0,1.0,0.0,1.0,1.0
Rheinland-Pfalz,2021,5,1.0,1.0,2.0,0.0,1.0,0.0,1.0,1.0,1.0,1.0,2.0,1.0,0.0,1.0,1.0
Rheinland-Pfalz,2021,6,0.0,1.0,2.0,0.0,1.0,0.0,1.0,1.0,1.0,1.0,1.0,1.0,0.0,1.0,1.0
Rheinland-Pfalz,2021,7,0.0,1.0,1.0,0.0,1.0,0.0,0.0,1.0,0.0,1.0,1.0,1.0,0.0,1.0,0.0
Rheinland-Pfalz,2021,8,0.0,1.0,1.0,0.0,1.0,0.0,0.0,1.0,0.0,1.0,1.0,1.0,0.0,1.0,0.0
Rheinland-Pfalz,2021,9,0.0,1.0,1.0,0.0,1.0,0.0,1.0,1.0,0.0,1.0,1.0,1.0,0.0,1.0,1.0
Rheinland-Pfalz,2021,10,0.0,1.0,1.0,0.0,1.0,0.0,1.0,1.0,0.0,1.0,1.0,1.0,0.0,1.0,1.0
Saarland,2020,3,0.0,0.0,0.0,2.0,0.0,1.0,2.0,2.0,1.0,2.0,1.0,2.0,1.0,0.0,1.0
Saarland,2020,4,2.0,1.0,0.0,2.0,2.0,1.0,2.0,2.0,1.0,2.0,2.0,2.0,1.0,1.0,1.0
Saarland,2020,5,0.0,1.0,1.0,0.0,0.0,0.0,1.0,1.0,1.0,1.0,2.0,1.0,1.0,1.0,1.0
Saarland,2020,6,0.0,1.0,1.0,0.0,0.0,0.0,1.0,1.0,1.0,1.0,1.0,1.0,0.0,1.0,0.0
Saarland,2020,7,0.0,1.0,2.0,0.0,0.0,0.0,1.0,1.0,1.0,1.0,1.0,1.0,0.0,1.0,0.0
Saarland,2020,8,0.0,1.0,2.0,0.0,0.0,0.0,1.0,1.0,1.0,1.0,1.0,1.0,0.0,1.0,0.0
Saarland,2020,9,0.0,1.0,2.0,0.0,0.0,0.0,1.0,1.0,0.0,1.0,1.0,1.0,0.0,1.0,0.0
Saarland,2020,10,0.0,1.0,2.0,0.0,0.0,0.0,1.0,1.0,0.0,1.0,1.0,1.0,0.0,1.0,0.0
Saarland,2020,11,0.0,1.0,2.0,0.0,1.0,0.0,0.0,1.0,0.0,1.0,1.0,1.0,0.0,1.0,1.0
Saarland,2020,12,0.0,1.0,2.0,2.0,2.0,1.0,0.0,1.0,1.0,1.0,1.0,1.0,1.0,1.0,1.0
Saarland,2021,1,0.0,1.0,2.0,2.0,2.0,1.0,0.0,1.0,1.0,1.0,2.0,1.0,1.0,1.0,1.0
Saarland,2021,2,0.0,1.0,2.0,2.0,2.0,1.0,0.0,1.0,1.0,1.0,2.0,1.0,1.0,1.0,1.0
Saarland,2021,3,0.0,1.0,2.0,0.0,1.0,0.0,0.0,1.0,1.0,1.0,1.0,1.0,0.0,1.0,1.0
Saarland,2021,4,0.0,1.0,2.0,0.0,1.0,0.0,0.0,1.0,1.0,1.0,1.0,1.0,0.0,1.0,1.0
Saarland,2021,5,1.0,1.0,2.0,1.0,1.0,1.0,1.0,1.0,1.0,1.0,2.0,1.0,0.0,1.0,1.0
Saarland,2021,6,0.0,1.0,2.0,0.0,1.0,0.0,0.0,1.0,0.0,1.0,1.0,1.0,0.0,1.0,1.0
Saarland,2021,7,0.0,1.0,2.0,0.0,1.0,0.0,0.0,1.0,0.0,1.0,1.0,1.0,0.0,1.0,1.0
Saarland,2021,8,0.0,1.0,2.0,0.0,1.0,0.0,0.0,1.0,0.0,1.0,1.0,1.0,0.0,1.0,1.0
Saarland,2021,9,0.0,1.0,2.0,0.0,1.0,0.0,1.0,1.0,0.0,1.0,1.0,1.0,0.0,1.0,1.0
Saarland,2021,10,0.0,0.0,1.0,0.0,1.0,0.0,1.0,1.0,0.0,1.0,0.0,0.0,0.0,1.0,1.0
Sachsen,2020,3,0.0,0.0,0.0,2.0,0.0,1.0,2.0,2.0,1.0,2.0,0.0,2.0,1.0,0.0,1.0
Sachsen,2020,4,2.0,1.0,0.0,2.0,2.0,1.0,2.0,2.0,1.0,2.0,2.0,2.0,1.0,1.0,1.0
Sachsen,2020,5,0.0,1.0,1.0,0.0,0.0,0.0,1.0,0.0,1.0,1.0,1.0,1.0,1.0,1.0,1.0
Sachsen,2020,6,0.0,1.0,1.0,0.0,0.0,0.0,0.0,0.0,1.0,1.0,1.0,1.0,1.0,1.0,0.0
Sachsen,2020,7,0.0,1.0,1.0,0.0,0.0,0.0,0.0,0.0,1.0,1.0,1.0,1.0,0.0,1.0,0.0
Sachsen,2020,8,0.0,1.0,1.0,0.0,0.0,0.0,0.0,0.0,1.0,1.0,1.0,1.0,0.0,1.0,0.0
Sachsen,2020,9,0.0,1.0,1.0,0.0,0.0,0.0,0.0,0.0,0.0,1.0,1.0,1.0,0.0,1.0,0.0
Sachsen,2020,10,0.0,1.0,1.0,0.0,0.0,0.0,0.0,0.0,0.0,1.0,1.0,1.0,0.0,1.0,0.0
Sachsen,2020,11,0.0,1.0,2.0,0.0,1.0,0.0,2.0,1.0,0.0,1.0,1.0,1.0,0.0,1.0,1.0
Sachsen,2020,12,2.0,1.0,2.0,2.0,2.0,1.0,2.0,1.0,1.0,1.0,1.0,1.0,1.0,1.0,1.0
Sachsen,2021,1,2.0,1.0,2.0,2.0,2.0,1.0,2.0,1.0,1.0,1.0,2.0,1.0,1.0,1.0,1.0
Sachsen,2021,2,2.0,1.0,2.0,2.0,2.0,1.0,2.0,1.0,1.0,1.0,2.0,1.0,0.5,1.0,1.0
Sachsen,2021,3,2.0,1.0,2.0,2.0,1.0,0.0,2.0,1.0,1.0,1.0,2.0,1.0,0.0,1.0,1.0
Sachsen,2021,4,2.0,1.0,2.0,1.0,1.0,0.0,1.0,1.0,1.0,1.0,1.0,1.0,1.0,1.0,1.0
Sachsen,2021,5,2.0,1.0,2.0,2.0,1.0,1.0,1.0,1.0,1.0,1.0,2.0,1.0,1.0,1.0,1.0
Sachsen,2021,6,0.0,1.0,2.0,1.0,1.0,0.0,1.0,1.0,0.0,1.0,1.0,1.0,0.0,1.0,1.0
Sachsen,2021,7,0.0,1.0,1.0,0.0,0.0,0.0,0.0,0.0,0.0,0.0,0.0,0.0,0.0,0.0,0.0
Sachsen,2021,8,0.0,1.0,1.0,0.0,0.0,0.0,0.0,0.0,0.0,0.0,0.0,0.0,0.0,0.0,0.0
Sachsen,2021,9,0.0,0.0,1.0,0.0,1.0,0.0,1.0,0.0,0.0,0.0,0.0,0.0,0.0,1.0,1.0
Sachsen,2021,10,0.0,0.0,1.0,0.0,1.0,0.0,1.0,0.0,0.0,0.0,0.0,0.0,0.0,1.0,1.0
Sachsen-Anhalt,2020,3,0.0,1.0,0.0,2.0,0.0,1.0,2.0,1.0,1.0,2.0,0.0,2.0,1.0,0.0,1.0
Sachsen-Anhalt,2020,4,2.0,1.0,0.0,2.0,2.0,0.0,2.0,2.0,1.0,2.0,2.0,2.0,1.0,2.0,1.0
Sachsen-Anhalt,2020,5,0.0,1.0,1.0,0.0,0.0,0.0,1.0,2.0,1.0,1.0,1.0,1.0,1.0,1.0,1.0
Sachsen-Anhalt,2020,6,0.0,1.0,1.0,0.0,0.0,0.0,0.0,1.0,1.0,1.0,1.0,1.0,0.0,1.0,0.0
Sachsen-Anhalt,2020,7,0.0,1.0,1.0,0.0,0.0,0.0,0.0,1.0,1.0,1.0,1.0,1.0,0.0,1.0,0.0
Sachsen-Anhalt,2020,8,0.0,1.0,1.0,0.0,0.0,0.0,0.0,1.0,1.0,1.0,1.0,1.0,0.0,1.0,0.0
Sachsen-Anhalt,2020,9,0.0,1.0,1.0,0.0,0.0,0.0,0.0,1.0,0.0,1.0,1.0,1.0,0.0,1.0,0.0
Sachsen-Anhalt,2020,10,0.0,1.0,1.0,0.0,0.0,0.0,0.0,1.0,0.0,1.0,1.0,1.0,0.0,1.0,0.0
Sachsen-Anhalt,2020,11,0.0,1.0,1.0,0.0,0.0,0.0,0.0,1.0,0.0,1.0,1.0,1.0,0.0,1.0,1.0
Sachsen-Anhalt,2020,12,0.0,1.0,1.0,2.0,2.0,1.0,1.0,1.0,1.0,1.0,1.0,1.0,1.0,1.0,1.0
Sachsen-Anhalt,2021,1,0.0,1.0,1.0,2.0,2.0,1.0,1.0,1.0,1.0,1.0,2.0,1.0,1.0,1.0,1.0
Sachsen-Anhalt,2021,2,0.0,1.0,1.0,2.0,2.0,1.0,1.0,1.0,1.0,1.0,2.0,1.0,1.0,1.0,1.0
Sachsen-Anhalt,2021,3,0.0,1.0,1.0,1.0,1.0,0.0,1.0,1.0,1.0,1.0,2.0,1.0,0.0,1.0,1.0
Sachsen-Anhalt,2021,4,0.0,1.0,1.0,1.0,1.0,0.0,1.0,1.0,1.0,1.0,2.0,1.0,0.0,1.0,1.0
Sachsen-Anhalt,2021,5,1.0,1.0,1.0,1.0,1.0,1.0,1.0,1.0,1.0,1.0,2.0,1.0,0.0,1.0,1.0
Sachsen-Anhalt,2021,6,0.0,1.0,1.0,0.0,0.0,0.0,1.0,1.0,0.0,1.0,1.0,1.0,0.0,1.0,1.0
Sachsen-Anhalt,2021,7,0.0,1.0,1.0,0.0,0.0,0.0,0.0,1.0,0.0,1.0,0.0,0.0,0.0,1.0,0.0
Sachsen-Anhalt,2021,8,0.0,1.0,1.0,0.0,0.0,0.0,0.0,1.0,0.0,1.0,0.0,0.0,0.0,1.0,0.0
Sachsen-Anhalt,2021,9,0.0,1.0,1.0,0.0,0.0,0.0,0.0,1.0,0.0,1.0,0.0,0.0,0.0,1.0,0.0
Sachsen-Anhalt,2021,10,0.0,1.0,1.0,0.0,1.0,0.0,1.0,1.0,0.0,1.0,0.0,0.0,0.0,1.0,1.0
Schleswig-Holstein,2020,3,0.0,1.0,0.0,2.0,0.0,0.0,2.0,2.0,1.0,2.0,0.0,2.0,1.0,2.0,1.0
Schleswig-Holstein,2020,4,0.0,1.0,0.0,2.0,2.0,0.0,2.0,2.0,1.0,2.0,2.0,2.0,1.0,2.0,1.0
Schleswig-Holstein,2020,5,0.0,1.0,1.0,0.0,1.0,0.0,1.0,2.0,1.0,1.0,1.0,1.0,1.0,1.0,1.0
Schleswig-Holstein,2020,6,0.0,1.0,1.0,0.0,0.0,0.0,1.0,1.0,1.0,1.0,1.0,1.0,0.0,1.0,0.0
Schleswig-Holstein,2020,7,0.0,1.0,1.0,0.0,0.0,0.0,1.0,1.0,1.0,1.0,1.0,1.0,0.0,1.0,0.0
Schleswig-Holstein,2020,8,0.0,1.0,1.0,0.0,0.0,0.0,1.0,1.0,0.0,1.0,1.0,1.0,0.0,1.0,0.0
Schleswig-Holstein,2020,9,0.0,1.0,2.0,0.0,0.0,0.0,1.0,1.0,0.0,1.0,1.0,1.0,0.0,1.0,0.0
Schleswig-Holstein,2020,10,0.0,1.0,2.0,0.0,0.0,0.0,1.0,1.0,0.0,1.0,1.0,1.0,0.0,1.0,0.0
Schleswig-Holstein,2020,11,0.0,1.0,2.0,0.0,1.0,0.0,2.0,1.0,0.0,1.0,1.0,1.0,0.0,1.0,1.0
Schleswig-Holstein,2020,12,0.0,1.0,2.0,2.0,2.0,1.0,2.0,1.0,1.0,1.0,1.0,1.0,1.0,1.0,1.0
Schleswig-Holstein,2021,1,0.0,1.0,2.0,2.0,2.0,1.0,2.0,1.0,1.0,1.0,2.0,1.0,1.0,1.0,1.0
Schleswig-Holstein,2021,2,0.0,1.0,2.0,2.0,2.0,1.0,2.0,1.0,1.0,1.0,2.0,1.0,1.0,1.0,1.0
Schleswig-Holstein,2021,3,0.0,1.0,2.0,0.0,1.0,0.0,0.0,1.0,1.0,1.0,1.0,1.0,0.0,1.0,1.0
Schleswig-Holstein,2021,4,0.0,1.0,2.0,1.0,1.0,1.0,0.0,1.0,1.0,1.0,1.0,1.0,0.0,1.0,1.0
Schleswig-Holstein,2021,5,0.0,1.0,2.0,0.0,1.0,0.0,0.0,1.0,1.0,1.0,1.0,1.0,0.0,1.0,1.0
Schleswig-Holstein,2021,6,0.0,1.0,1.0,0.0,1.0,0.0,0.0,1.0,0.0,1.0,1.0,1.0,0.0,1.0,1.0
Schleswig-Holstein,2021,7,0.0,1.0,1.0,0.0,0.0,0.0,0.0,1.0,0.0,1.0,1.0,1.0,0.0,1.0,1.0
Schleswig-Holstein,2021,8,0.0,1.0,1.0,0.0,0.0,0.0,0.0,1.0,0.0,1.0,1.0,1.0,0.0,1.0,0.0
Schleswig-Holstein,2021,9,0.0,1.0,1.0,0.0,1.0,0.0,1.0,1.0,0.0,1.0,1.0,1.0,0.0,1.0,1.0
Schleswig-Holstein,2021,10,0.0,0.0,1.0,0.0,1.0,0.0,1.0,0.0,0.0,0.0,0.0,0.0,0.0,1.0,1.0
Thueringen,2020,3,0.0,0.5,0.0,1.0,1.0,0.0,1.0,1.0,1.0,2.0,0.0,1.0,1.0,0.5,1.0
Thueringen,2020,4,0.0,1.0,0.0,2.0,2.0,0.0,2.0,2.0,1.0,2.0,2.0,2.0,1.0,1.0,1.0
Thueringen,2020,5,0.0,1.0,1.0,0.0,0.0,0.0,1.0,0.0,1.0,1.0,1.0,1.0,1.0,1.0,0.0
Thueringen,2020,6,0.0,1.0,1.0,0.0,0.0,0.0,1.0,0.0,1.0,1.0,1.0,1.0,0.0,1.0,0.0
Thueringen,2020,7,0.0,1.0,1.0,0.0,0.0,0.0,1.0,0.0,1.0,1.0,1.0,1.0,0.0,1.0,0.0
Thueringen,2020,8,0.0,1.0,1.0,0.0,0.0,0.0,1.0,0.0,1.0,1.0,1.0,1.0,0.0,1.0,0.0
Thueringen,2020,9,0.0,1.0,1.0,0.0,0.0,0.0,1.0,0.0,0.0,1.0,1.0,1.0,0.0,1.0,0.0
Thueringen,2020,10,0.0,1.0,1.0,0.0,0.0,0.0,1.0,0.0,0.0,1.0,1.0,1.0,0.0,1.0,0.0
Thueringen,2020,11,0.0,1.0,1.0,0.0,0.0,0.0,1.0,0.0,0.0,1.0,1.0,1.0,0.0,1.0,1.0
Thueringen,2020,12,0.0,1.0,2.0,2.0,2.0,1.0,2.0,0.0,1.0,1.0,1.0,1.0,1.0,1.0,1.0
Thueringen,2021,1,1.0,1.0,2.0,2.0,2.0,1.0,2.0,1.0,1.0,1.0,2.0,1.0,1.0,1.0,1.0
Thueringen,2021,2,1.0,1.0,2.0,2.0,2.0,1.0,2.0,1.0,1.0,1.0,2.0,1.0,1.0,1.0,1.0
Thueringen,2021,3,0.0,1.0,2.0,2.0,1.0,1.0,2.0,1.0,1.0,1.0,2.0,1.0,0.0,1.0,1.0
Thueringen,2021,4,0.0,1.0,2.0,2.0,1.0,1.0,1.0,1.0,1.0,1.0,2.0,1.0,1.0,1.0,1.0
Thueringen,2021,5,1.0,1.0,2.0,2.0,1.0,1.0,1.0,1.0,1.0,1.0,2.0,1.0,1.0,1.0,1.0
Thueringen,2021,6,0.0,1.0,2.0,0.0,1.0,0.0,0.0,1.0,0.0,1.0,0.0,0.0,0.0,0.0,0.0
Thueringen,2021,7,0.0,1.0,1.0,0.0,1.0,0.0,0.0,1.0,0.0,1.0,0.0,0.0,0.0,0.0,0.0
Thueringen,2021,8,0.0,1.0,1.0,0.0,1.0,0.0,0.0,1.0,0.0,1.0,0.0,0.0,0.0,0.0,0.0
Thueringen,2021,9,0.0,1.0,1.0,0.0,1.0,0.0,0.0,1.0,0.0,1.0,0.0,0.0,0.0,0.0,0.0
Thueringen,2021,10,0.0,1.0,1.0,0.0,1.0,0.0,0.0,1.0,0.0,1.0,0.0,0.0,0.0,1.0,1.0
